{
  "characters/reyna": {
    "x": 50,
    "y": 40
  },
  "characters/master_dayna": {
    "x": 52.08863384955752,
    "y": 49.275273870190105
  }
}